,,,,BÁO CÁO 24/7 DANH SÁCH ĐƠN HỦY,,,,,,,,,,,,,,,
,,,,,,,,,,,,,,,,,,,
,,,,,,,,,,,,,,,,,,,
,,,,,,,,,,,,,,,,,,,
STT,Depot,Hãng tàu,Ngày hủy đơn,Ngày được duyệt,Số booking,Số container,Trạng thái đơn hàng,Trạng thái kích hoạt,Thời gian kích hoạt,Lý do hủy,Loại container,Loại đơn hàng (IN/OUT),SizeTEUS,Tên tài xế,Số điện thoại tài xế,Tên nhà xe,Số điện thoại nhà xe,Lý do từ chối,Lý do hủy_Check
1,THT,HLC,2026-10-02 00:10:08,2026-10-01 23:09:05,40386967,EIR33976002-,Đã hủy,Chưa kích hoạt,,Đơn hàng đã bị từ chối duyệt quá 1 giờ! Tự động hủy!,Cont 40' HC - cao Khô,OUT,2,Bùi Văn Thái,0936653232,Công Ty Cổ Phần Cảng Mipec,0919937719,BOOKING ĐÃ HỦY - VUI LÒNG LIÊN HỆ HÃNG TÀU,
2,SCD,KHG,2026-10-02 04:04:00,2026-10-02 00:59:26,11061837,EIR33976051-UTCU4812986,Đã hoàn tiền,Chưa kích hoạt,,Vì quý khách không thanh toán đúng thời gian quy định nên bị hủy đơn hàng để nhường vị trí cho khách hàng khác.,Cont 20' Tank,IN,1,cầm văn Thuần,0359830039,CÔNG TY TNHH TM VÀ DV NGỌC PHÁT LOGISTICS,0911297029,,
3,SCD,KHG,2026-10-02 04:04:00,2026-10-02 00:59:26,11061837,EIR33976052-UTCU4680278,Đã hoàn tiền,Chưa kích hoạt,,Vì quý khách không thanh toán đúng thời gian quy định nên bị hủy đơn hàng để nhường vị trí cho khách hàng khác.,Cont 20' Tank,IN,1,cầm văn Thuần,0359830039,CÔNG TY TNHH TM VÀ DV NGỌC PHÁT LOGISTICS,0911297029,,
4,BSD,CMA,2026-10-02 00:57:18,2026-10-01 21:56:41,AMQ0505051,EIR33975902-CMAU7235974,Đã hoàn tiền,Chưa kích hoạt,,Vì quý khách không thanh toán đúng thời gian quy định nên bị hủy đơn hàng để nhường vị trí cho khách hàng khác.,Cont 40' HC - cao Khô,IN,2,Thượng Thiên Ấn,0774448686,LIÊN THÀNH,0908810601,,
5,BSD,COS,2026-10-02 00:43:21,2026-10-01 17:51:51,6469706620,EIR33975412-,Đang hoàn tiền,Đã kích hoạt,2026-10-01 20:31:39,Cont không đủ tiêu chuẩn đóng hàng.,Cont 20'DC - Khô,OUT,1,Phạm Văn Vịnh,0989425330,THUẬN LỢI,0328208039,,
6,THT,EVG,2026-10-02 04:43:11,2026-10-01 22:07:34,237600609408,EIR33975916-,Đã hủy,Chưa kích hoạt,,Vì quý khách không thanh toán đúng thời gian quy định nên bị hủy đơn hàng để nhường vị trí cho khách hàng khác.,Cont 40' HC - cao Khô,OUT,2,Hồ công năm,097 8644483,ĐẠI NAM,0975556283,,
7,THT,CMA,2026-10-02 01:59:59,2026-10-01 22:57:23,SGN3478089,EIR33975991-,Đã hủy,Chưa kích hoạt,,Vì quý khách không thanh toán đúng thời gian quy định nên bị hủy đơn hàng để nhường vị trí cho khách hàng khác.,Cont 40' HC - cao Khô,OUT,2,Lê Quốc Tuấn,0985439054,LINH ANH,0916188198,,
8,AIC,YML,2026-10-02 00:16:09,2026-10-01 09:30:13,N456016551,EIR33974201-,Đã hủy,Chưa kích hoạt,,Vì quý khách không thanh toán đúng thời gian quy định nên bị hủy đơn hàng để nhường vị trí cho khách hàng khác.,Cont 40' HC - cao Khô,OUT,2,KHOEUN BROS,0976775588,KS SMART logistics,0087728888,,
9,SLD,YML,2026-10-02 01:15:52,2026-10-02 00:42:04,YMJAW490519282,EIR33976041-,Đã hủy,Chưa kích hoạt,,chọn cont không đúng. chọn lại,Cont 40' HC - cao Khô,OUT,2,trần đình hương,0985929252,TÔ MINH THẮNG,0944488347,VUI LÒNG CHỌN ĐÚNG KÍCH CỠ CONTAINER,
10,EPD,YML,2026-10-02 07:37:31,2026-10-01 11:52:50,I493338310,EIR33974512-,Đã hoàn tiền,Chưa kích hoạt,2026-10-01 13:15:43,Thay đổi kế hoạch nâng hạ.,Cont 40' HC - cao Khô,OUT,2,TRẦN NGỌC HIỀN,0979799808,T.H.I GROUP,0941581100,,
11,PMCM,COS,2026-10-02 08:24:59,2026-10-02 07:18:08,20265101983,EIR33976180-CSNU8995067,Đã hủy,Chưa kích hoạt,,Đơn hàng đã bị từ chối duyệt quá 1 giờ! Tự động hủy!,Cont 40' HC - cao Khô,IN,2,ngô trung sơn,0981331566,CÔNG TY TNHH GIAO NHẬN THƯƠNG MẠI QLK,0363701228,"ĐƠN HÀNG HẠ COTNTAINER, VUI LÒNG CẬP NHẬT ĐẦY ĐỦ HÌNH ẢNH EIR CẢNG & LỆNH HẠ CÓ ĐẦY ĐỦ VÀ RÕ RÀNG THÔNG TIN.",
12,AIC,WHL,2026-10-02 07:42:59,2026-10-02 06:37:06,120GA09557,EIR33976159-,Đã hủy,Chưa kích hoạt,,Đơn hàng đã bị từ chối duyệt quá 1 giờ! Tự động hủy!,Cont 40' HC - cao Khô,OUT,2,NEANG BORIN,093406730,"CHARMGO CAMBODIA CO.,LTD.",0884522287,ការកក់ត្រូវបានអនុម័តចេញគ្រប់ចំនួន។/BOOKING APPROVED FOR THE FULL QUANTITY ISSUED.,
13,THT,COS,2026-10-02 03:58:11,2026-10-02 00:53:53,6469183620,EIR33976048-,Đã hủy,Chưa kích hoạt,,Vì quý khách không thanh toán đúng thời gian quy định nên bị hủy đơn hàng để nhường vị trí cho khách hàng khác.,Cont 40' HC - cao Khô,OUT,2,Hoàng Văn Thu,0906055279,ĐỨC LƯƠNG,0395243010,,
14,ETD,HLC,2026-10-02 04:34:04,,39277184,EIR33976116-,Đã hủy,Chưa kích hoạt,,Thay đổi kế hoạch nâng hạ.,Cont 40' DC - thấp Khô,OUT,2,TRẦN TRỌNG TỈNH,0961434011,GẤU TRÚC VÀNG,,,
15,SLD,YML,2026-10-02 00:34:13,2026-10-01 23:30:44,YMJAW490519162,EIR33976005-,Đã hủy,Chưa kích hoạt,,Đơn hàng đã bị từ chối duyệt quá 1 giờ! Tự động hủy!,Cont 20'DC - Khô,OUT,1,Võ Văn Thừa,0908729595,ĐỨC HƯNG,0937131888,BOOKING/LỆNH HẠ LẤY/HẠ CONT Ở DEPOT KHÁC - VUI LÒNG LIÊN HỆ HÃNG TÀU,
16,THT,HLC,2026-10-02 07:14:00,2026-10-02 06:08:02,94994119,EIR33976130-,Đã hủy,Chưa kích hoạt,,Đơn hàng đã bị từ chối duyệt quá 1 giờ! Tự động hủy!,Cont 20'DC - Khô,OUT,1,NGUYỄN VĂN GIANG,0395723288,CÔNG TY TNHH VẬN TẢI G.B.P,0904434378,VUI LÒNG CẬP NHẬT ĐẦY ĐỦ HÌNH ẢNH BOOKING,
17,BSD,COS,2026-10-02 00:59:14,2026-10-01 17:51:47,6469706620,EIR33975410-,Đang hoàn tiền,Đã kích hoạt,2026-10-01 20:31:39,Cont không đủ tiêu chuẩn đóng hàng.,Cont 20'DC - Khô,OUT,1,Phạm Văn Vịnh,0989425330,THUẬN LỢI,0328208039,,
18,BSD,COS,2026-10-02 01:12:48,2026-10-01 17:41:44,6469706620,EIR33975374-,Đang hoàn tiền,Chưa kích hoạt,2026-10-01 19:20:00,Cont không đủ tiêu chuẩn đóng hàng.,Cont 20'DC - Khô,OUT,1,lưu văn toàn,0989425330,THUẬN LỢI,0328208039,,
19,SLD,YML,2026-10-02 03:18:07,2026-10-02 03:11:12,E490415365,EIR33976093-,Đang hoàn tiền,Chưa kích hoạt,2026-10-02 04:45:29,Thay đổi kế hoạch nâng hạ.,Cont 40' HC - cao Khô,OUT,2,DƯƠNG PHƯỚC KHÁNH,0961081400,CTY TNHH VIỆT KIẾN PHÁT,0907155866,,
20,ETD,HLC,2026-10-02 00:10:08,2026-10-01 21:09:05,96769599,EIR33975827-,Đã hủy,Chưa kích hoạt,,Vì quý khách không thanh toán đúng thời gian quy định nên bị hủy đơn hàng để nhường vị trí cho khách hàng khác.,Cont 40' HC - cao Khô,OUT,2,Lê Hoàng Anh,0703464960,TRƯƠNG ĐẠI PHÁT,0967813248,,
21,AIC,YML,2026-10-02 03:24:07,2026-10-01 16:12:35,I456015690,EIR33975125-,Đã hủy,Chưa kích hoạt,,Vì quý khách không thanh toán đúng thời gian quy định nên bị hủy đơn hàng để nhường vị trí cho khách hàng khác.,Cont 40' HC - cao Khô,OUT,2,Touch Lina,092353471,"CHAY DA LOGISTICS Co., Ltd.",0012456072,,
22,BSD,EVG,2026-10-02 05:06:23,2026-10-02 04:03:58,235601684253,EIR33976110-,Đã hủy,Chưa kích hoạt,,Đơn hàng đã bị từ chối duyệt quá 1 giờ! Tự động hủy!,Cont 20'DC - Khô,OUT,1,NGUYỄN ANH QUỐC CÔNG,0985412070,LONG PHÚ,0933003422,BOOKING ĐĂNG KÝ ĐÃ ĐỦ SỐ LƯỢNG - VUI LÒNG LIÊN HỆ ZALO OA: https://zalo.me/ltacompany ĐỂ ĐƯỢC HỖ TRỢ CẬP NHẬT.,
23,BSD,COS,2026-10-02 07:59:09,2026-10-02 06:53:49,COAU9609269490,EIR33976163-,Đã hủy,Chưa kích hoạt,,Đơn hàng đã bị từ chối duyệt quá 1 giờ! Tự động hủy!,Cont 20'DC - Khô,OUT,1,Phạm Đình Nam,0335028270,CONG TY TNHH TM GV VT PHAT HUY,0949974550,"VUI LÒNG CHỌN Gate In ""Trả cont rỗng""",
24,AIC,WHL,2026-10-02 04:21:18,2026-10-01 14:36:33,120GA08842,EIR33974808-,Đã hủy,Chưa kích hoạt,,Vì quý khách không thanh toán đúng thời gian quy định nên bị hủy đơn hàng để nhường vị trí cho khách hàng khác.,Cont 40' HC - cao Khô,OUT,2,KHANN SOKHIENG,0962202585,"CHARMGO CAMBODIA CO.,LTD.",0884522287,,
25,SLD,CMA,2026-10-02 03:07:14,2026-10-02 02:06:55,ESGN2600OO3-SLD,EIR33976061-TCKU7109416,Đã hủy,Chưa kích hoạt,,Đơn hàng đã bị từ chối duyệt quá 1 giờ! Tự động hủy!,Cont 40' HC - cao Khô,IN,2,tạ đức hậu,0948737008,CÔNG TY TNHH DỊCH VỤ GREATING FORTUNE CONTAINER HCM,0937439989,VUI LÒNG BỔ SUNG EMAIL LẤY/HẠ CONTAINER TẠI GPG DEPOT,
26,THT,CMA,2026-10-02 07:49:37,2026-09-29 15:07:01,SGN3413809,EIR33969343-,Đã hoàn tiền,Đã kích hoạt,2026-09-29 17:02:54,Thay đổi kế hoạch nâng hạ.,Cont 40' HC - cao Khô,OUT,2,NGUYỄN DUY KỲ,0935221445,CÔNG TY TNHH MTV DVVT MAI CƯỜNG,0768511894,,
27,GKP,MSK,2026-10-02 00:10:41,2026-10-01 23:58:29,277137048,EIR33976027-,Đã hủy,Chưa kích hoạt,,Change the lifting plaN,Cont 40' HC - cao Khô,OUT,2,set piset,015568895,"JB ETERNAL TRANSPORTATION CO., LTD",0093272713,ការកក់ត្រូវបានអនុម័តចេញគ្រប់ចំនួន។/BOOKING APPROVED FOR THE FULL QUANTITY ISSUED.,
28,GKP,WHL,2026-10-02 06:48:05,2026-09-29 15:34:58,120GA09649,EIR33969449-,Đã hủy,Chưa kích hoạt,,Thay đổi kế hoạch nâng hạ.,Cont 20'DC - Khô,OUT,1,Han Makara,086212391,"HAI MA HOUR TRANSPORT CO., LTD",0078826306,,
29,SLD,YML,2026-10-02 04:09:59,2026-10-02 03:07:10,SNPLOMP260910,EIR33976074-YMLU8971963,Đã hủy,Chưa kích hoạt,,Đơn hàng đã bị từ chối duyệt quá 1 giờ! Tự động hủy!,Cont 40' HC - cao Khô,IN,2,lê thành hải,0369717172,CÔNG TY TNHH TMG LOGISTICS,0886834586,"ĐƠN HÀNG HẠ COTNTAINER, VUI LÒNG CẬP NHẬT ĐẦY ĐỦ HÌNH ẢNH EIR CẢNG & LỆNH HẠ CÓ ĐẦY ĐỦ VÀ RÕ RÀNG THÔNG TIN.",
30,THT,EVG,2026-10-02 00:34:13,2026-10-01 23:30:52,237600609408,EIR33976006-,Đã hủy,Chưa kích hoạt,,Đơn hàng đã bị từ chối duyệt quá 1 giờ! Tự động hủy!,Cont 40' HC - cao Khô,OUT,2,nguyễn thế hưng,0969929204,LIÊN HÀO,0988469985,BOOKING ĐĂNG KÝ ĐÃ ĐỦ SỐ LƯỢNG - VUI LÒNG LIÊN HỆ ZALO OA: https://zalo.me/ltacompany ĐỂ ĐƯỢC HỖ TRỢ CẬP NHẬT.,
31,SLD,CMA,2026-10-02 04:57:45,2026-10-02 01:44:54,ESGN2600993,EIR33976065-BEAU4135260,Đã hủy,Đã kích hoạt,2026-10-02 01:59:54,"Không hoàn thành EIR trong thời gian quy định, hủy đơn hàng. System 90",Cont 40' HC - cao Khô,IN,2,LÊ THÀNH SANG,0939984344,TÍN TOÀN PHAT,0918874456,,
32,PMCM,COS,2026-10-02 07:44:10,,2026510193,EIR33976242-CSGU6614624,Đã hủy,Chưa kích hoạt,,Thay đổi kế hoạch nâng hạ.,Cont 40' HC - cao Khô,IN,2,ngô trung sơn,0981331566,CÔNG TY TNHH GIAO NHẬN THƯƠNG MẠI QLK,0363701228,,
33,SLD,YML,2026-10-02 01:19:00,2026-10-02 00:15:05,YMJAW490519162,EIR33976031-,Đã hủy,Chưa kích hoạt,,Đơn hàng đã bị từ chối duyệt quá 1 giờ! Tự động hủy!,Cont 20'DC - Khô,OUT,1,Võ Văn Thừa,0908729595,ĐỨC HƯNG,0937131888,DEPOT HIỆN TẠI KHÔNG ĐỦ CONT CẤP THEO BOOKING ĐĂNG KÝ - VUI LÒNG LIÊN HỆ HÃNG TÀU ĐỂ ĐƯỢC CHỈ ĐỊNH NƠI CẤP RỖNG MỚI.,
34,BSD,CMA,2026-10-02 04:24:37,2026-10-01 12:13:46,BNC0161023,EIR33974559-CMAU8434055,Đã hoàn tiền,Đã kích hoạt,2026-10-01 13:26:33,Thay đổi kế hoạch nâng hạ.,Cont 40' HC - cao Khô,IN,2,LÊ VIẾT PHONG,0973451144,HAN KIEN,09986341677,,
35,THT,EVG,2026-10-02 00:10:08,2026-10-01 17:29:50,237600575490,EIR33975335-,Đã hủy,Chưa kích hoạt,,Vì quý khách không thanh toán đúng thời gian quy định nên bị hủy đơn hàng để nhường vị trí cho khách hàng khác.,Cont 40' HC - cao Khô,OUT,2,nguyễn hữu nhạn,0984478721,AN THANH PHAT,0899822686,,
36,AIC,WHL,2026-10-02 01:18:59,2026-10-01 11:19:06,120GA09484,EIR33974463-,Đã hủy,Chưa kích hoạt,,Vì quý khách không thanh toán đúng thời gian quy định nên bị hủy đơn hàng để nhường vị trí cho khách hàng khác.,Cont 40' HC - cao Khô,OUT,2,ស្រ៊ុន ឡេង,081617200,BRANCH OF GEMADEPT SHIPPING COMPANY LIMITED,0967655658,,
37,PMCM,CMA,2026-10-02 05:52:59,2026-10-02 04:47:38,ASC0544183,EIR33976118-,Đã hủy,Chưa kích hoạt,,Đơn hàng đã bị từ chối duyệt quá 1 giờ! Tự động hủy!,Cont 40' HC - cao Khô,OUT,2,NGUYỄN ĐÌNH TỨ,0902661862,CÔNG TY CỔ PHẦN THƯƠNG MẠI DỊCH VỤ VHT VIỆT NAM,0367252093,BOOKING ĐĂNG KÝ ĐÃ ĐỦ SỐ LƯỢNG - VUI LÒNG LIÊN HỆ ZALO OA: https://zalo.me/ltacompany ĐỂ ĐƯỢC HỖ TRỢ CẬP NHẬT.,
38,BSD,COS,2026-10-02 01:11:36,2026-10-01 17:41:46,6469706620,EIR33975375-,Đang hoàn tiền,Chưa kích hoạt,2026-10-01 19:20:00,Cont không đủ tiêu chuẩn đóng hàng.,Cont 20'DC - Khô,OUT,1,lưu văn toàn,0989425330,THUẬN LỢI,0328208039,,
39,GKP,WHL,2026-10-02 06:48:51,2026-09-29 19:16:02,120GA09905,EIR33970397-,Đã hủy,Chưa kích hoạt,,Thay đổi kế hoạch nâng hạ.,Cont 20'DC - Khô,OUT,1,HUN SORIYA,0969819229,SOKAN TRANSPORT,0016881002,,
40,ETD,HLC,2026-10-02 00:34:13,2026-10-01 23:31:03,80247825,EIR33976009-,Đã hủy,Chưa kích hoạt,,Đơn hàng đã bị từ chối duyệt quá 1 giờ! Tự động hủy!,Cont 40' HC - cao Khô,OUT,2,LêVănTrung,0877908777,CÔNG TY TNHH VẬN TẢI TÀI ĐỨC,0987248307,VUI LÒNG NHẬP ĐÚNG SỐ BOOKING/BILL,
41,BSD,EVG,2026-10-02 07:14:00,2026-10-02 06:07:56,156600512234,EIR33976128-TGBU6889061,Đã hủy,Chưa kích hoạt,,Đơn hàng đã bị từ chối duyệt quá 1 giờ! Tự động hủy!,Cont 40' HC - cao Khô,IN,2,NGUYỄN VIẾT VIỆN,0347300781,CÔNG TY TNHH TIẾP VẬN QUỐC TẾ OCEAN LINK,0975711561,CONTAINER HẾT HẠN HẠ VUI LÒNG LIÊN HỆ HÃNG TÀU ĐỂ GIA HẠN,
42,AIC,WHL,2026-10-02 01:54:07,2026-10-01 11:28:46,120GA09598,EIR33974488-,Đã hủy,Chưa kích hoạt,,Vì quý khách không thanh toán đúng thời gian quy định nên bị hủy đơn hàng để nhường vị trí cho khách hàng khác.,Cont 40' HC - cao Khô,OUT,2,ស៊ុន វិរៈ,070848892,"SOKSALAM FORWARDING CO., LTD",0070962645,,
43,SCD,YML,2026-10-02 03:13:07,2026-10-02 02:07:01,YMJAM490367753,EIR33976062-,Đã hủy,Chưa kích hoạt,,Đơn hàng đã bị từ chối duyệt quá 1 giờ! Tự động hủy!,Cont 40' RF- Lạnh,OUT,2,Lê Minh Phương,0326759124,TRÍ SANG,0382342248,DEPOT HIỆN TẠI KHÔNG ĐỦ CONT CẤP THEO BOOKING ĐĂNG KÝ - VUI LÒNG LIÊN HỆ HÃNG TÀU ĐỂ ĐƯỢC CHỈ ĐỊNH NƠI CẤP RỖNG MỚI.,
44,SLD,YML,2026-10-02 04:59:33,,YMJAE490415365,EIR33976113-,Đã hủy,Chưa kích hoạt,,duyệt lâu,Cont 40' HC - cao Khô,OUT,2,DƯƠNG PHƯỚC KHÁNH,0961081400,CTY TNHH VIỆT KIẾN PHÁT,0907155866,,
45,BSD,EVG,2026-10-02 06:04:11,2026-10-02 05:02:17,581600060721,EIR33976109-EGSU2353997,Đã hủy,Chưa kích hoạt,,Đơn hàng đã bị từ chối duyệt quá 1 giờ! Tự động hủy!,Cont 20'DC - Khô,IN,1,Trần Hữu Tuấn,0776393186,Phương phú,0969550653,BOOKING/LỆNH HẠ LẤY/HẠ CONT Ở DEPOT KHÁC - VUI LÒNG LIÊN HỆ HÃNG TÀU,
46,SLD,YML,2026-10-02 07:26:08,2026-10-02 06:21:40,SNPLOMP260910,EIR33976145-YMLU8971963,Đã hủy,Chưa kích hoạt,,Đơn hàng đã bị từ chối duyệt quá 1 giờ! Tự động hủy!,Cont 40' HC - cao Khô,IN,2,lê thành hải,0369717172,CÔNG TY TNHH TMG LOGISTICS,0886834586,"ĐƠN HÀNG HẠ COTNTAINER, VUI LÒNG CẬP NHẬT ĐẦY ĐỦ HÌNH ẢNH EIR CẢNG & LỆNH HẠ CÓ ĐẦY ĐỦ VÀ RÕ RÀNG THÔNG TIN.",
47,PMCM,COS,2026-10-02 08:24:59,2026-10-02 07:18:03,20265101983,EIR33976177-CSGU6614624,Đã hủy,Chưa kích hoạt,,Đơn hàng đã bị từ chối duyệt quá 1 giờ! Tự động hủy!,Cont 40' HC - cao Khô,IN,2,ngô trung sơn,0981331566,CÔNG TY TNHH GIAO NHẬN THƯƠNG MẠI QLK,0363701228,"ĐƠN HÀNG HẠ COTNTAINER, VUI LÒNG CẬP NHẬT ĐẦY ĐỦ HÌNH ẢNH EIR CẢNG & LỆNH HẠ CÓ ĐẦY ĐỦ VÀ RÕ RÀNG THÔNG TIN.",
48,SLD,YML,2026-10-02 04:09:59,2026-10-02 03:07:15,VC032609SGNHPH1242,EIR33976079-,Đã hủy,Chưa kích hoạt,,Đơn hàng đã bị từ chối duyệt quá 1 giờ! Tự động hủy!,Cont 40' HC - cao Khô,OUT,2,Huỳnh thanh tuấn,0911736456,VSCHCM,0888111233,VUI LÒNG NHẬP ĐÚNG SỐ BOOKING/BILL,
49,GKP,KHG,2026-10-02 00:10:08,2026-10-01 23:08:58,GOH,EIR33975994-,Đã hủy,Chưa kích hoạt,,ការបញ្ជាទិញត្រូវបានបដិសេធការអនុម័តអស់រយៈពេលជាង 1 ម៉ោង! លុបចោលដោយស្វ័យប្រវត្តិ!/ Order declined for more than 1 hours! Automatic deletion!,Cont 20'DC - Khô,OUT,1,Rin Rath,0979179897,"CHAY DA LOGISTICS Co., Ltd.",0012456072,សូមបញ្ចូលលេខការកក់/វិក្កយបត្រត្រឹមត្រូវ។ / PLEASE ENTER THE CORRECT BOOKING/BILL NUMBER.,
50,EPD,WHL,2026-10-02 07:17:31,2026-10-01 13:00:05,027G776501,EIR33974603-WHSU8018907,Đang hoàn tiền,Đã kích hoạt,2026-10-01 16:17:00,System hủy tự động do quá giờ,Cont 40' HC - cao Khô,IN,2,Cao Minh Tuấn,0905189300,SUPER CARGO,0888869795,,
51,SLD,YML,2026-10-02 03:57:45,2026-10-02 00:39:19,VIMCSGN260908,EIR33976039-,Đã hủy,Đã kích hoạt,2026-10-02 01:59:19,"Không hoàn thành EIR trong thời gian quy định, hủy đơn hàng. System 90",Cont 40' HC - cao Khô,OUT,2,Huỳnh thanh tuấn,0911736456,VSCHCM,0888111233,,
52,BSD,CMA,2026-10-02 00:34:13,2026-10-01 23:30:59,ESGN2600993-BSD,EIR33976007-TXGU7508305,Đã hủy,Chưa kích hoạt,,Đơn hàng đã bị từ chối duyệt quá 1 giờ! Tự động hủy!,Cont 40' HC - cao Khô,IN,2,Nguyễn Văn Bình,0963712339,TẤN TRỌNG NGHĨA,0903820769,VUI LÒNG BỔ SUNG EMAIL LẤY/HẠ CONTAINER TẠI GPG DEPOT,
53,BSD,CMA,2026-10-02 07:00:06,2026-10-02 06:37:35,NAM8593232,EIR33976157-FFAU4304719,Đã hoàn tiền,Chưa kích hoạt,2026-10-02 08:16:02,Thay đổi kế hoạch nâng hạ.,Cont 40' HC - cao Khô,IN,2,Lê Doãn Hiệp,0904799491,CÔNG TY TNHH THƯƠNG MẠI DỊCH VỤ SẢN XUẤT TÂM TÂM AN,0707622629,,
54,SCD,CMA,2026-10-02 01:04:41,2026-10-01 23:39:41,AMQ0519098,EIR33976014-AMCU9356783,Đã hoàn tiền,Đã kích hoạt,2026-10-02 01:02:31,System hủy tự động do quá giờ,Cont 40' RF- Lạnh,IN,2,Phạm Hữu Hiền,0978778123,THANH LONG,0907766686,,
55,EPD,COS,2026-10-02 07:03:48,2026-10-01 16:53:45,6469061530,EIR33975220-,Đang hoàn tiền,Đã kích hoạt,2026-10-01 18:34:25,System hủy tự động do quá giờ,Cont 40' HC - cao Khô,OUT,2,Nguyễn Văn Quang,0779582393,Anh Toàn Phát,0935919033,,
56,BSD,COS,2026-10-02 07:26:08,2026-10-02 06:21:45,COSU6506063440,EIR33976149-CSNU7264258,Đã hủy,Chưa kích hoạt,,Đơn hàng đã bị từ chối duyệt quá 1 giờ! Tự động hủy!,Cont 40' HC - cao Khô,IN,2,DƯƠNG TRỌNG PHÚ,0933604726,KIM GIA HUY,0962520776,CONTAINER HẾT HẠN HẠ VUI LÒNG LIÊN HỆ HÃNG TÀU ĐỂ GIA HẠN,
57,AIC,WHL,2026-10-02 05:00:08,2026-10-01 16:10:04,120GA09641,EIR33975120-,Đã hủy,Chưa kích hoạt,,Vì quý khách không thanh toán đúng thời gian quy định nên bị hủy đơn hàng để nhường vị trí cho khách hàng khác.,Cont 40' HC - cao Khô,OUT,2,Nal chhinhay,081464196,"HAI MA HOUR TRANSPORT CO., LTD",0078826306,,
58,SCD,YML,2026-10-02 06:46:59,2026-10-01 02:45:43,2025SGSIN-12,EIR33973741-,Đã hủy,Chưa kích hoạt,,Thay đổi kế hoạch nâng hạ.,Cont 40' RF- Lạnh,OUT,2,Nguyễn Văn Kiên,0901864039,VẬN TẢI BỘ,,,
59,THT,EVG,2026-10-02 00:16:09,2026-10-01 17:53:42,237600613774,EIR33975413-,Đã hủy,Chưa kích hoạt,,Vì quý khách không thanh toán đúng thời gian quy định nên bị hủy đơn hàng để nhường vị trí cho khách hàng khác.,Cont 40' HC - cao Khô,OUT,2,Nguyen duc Anh,0969065290,CONG TY PHUONG THANH,0936843355,,
60,THT,EVG,2026-10-02 02:15:59,2026-10-01 18:58:27,237600586891,EIR33975549-,Đã hủy,Chưa kích hoạt,,Vì quý khách không thanh toán đúng thời gian quy định nên bị hủy đơn hàng để nhường vị trí cho khách hàng khác.,Cont 40' HC - cao Khô,OUT,2,Nguyễn Duy Hà,0384808203,SAO HẢI PHÒNG,0376192157,,
61,SLD,YML,2026-10-02 04:26:59,2026-10-02 01:24:32,W490519607,EIR33976058-,Đã hủy,Chưa kích hoạt,,Vì quý khách không thanh toán đúng thời gian quy định nên bị hủy đơn hàng để nhường vị trí cho khách hàng khác.,Cont 40' HC - cao Khô,OUT,2,TRƯƠNG THANH DŨNG,0888068038,CTY PHAM GIA PHU,0387226166,,
62,THT,EVG,2026-10-02 01:42:00,2026-10-01 18:58:27,237600586891,EIR33975547-,Đã hủy,Chưa kích hoạt,,Vì quý khách không thanh toán đúng thời gian quy định nên bị hủy đơn hàng để nhường vị trí cho khách hàng khác.,Cont 40' HC - cao Khô,OUT,2,Nguyễn Quý Tuân,0984258983,SAO HẢI PHÒNG,0376192157,,
63,AIC,WHL,2026-10-02 07:26:08,2026-10-01 16:11:59,120GA09648,EIR33975122-,Đã hủy,Chưa kích hoạt,,Vì quý khách không thanh toán đúng thời gian quy định nên bị hủy đơn hàng để nhường vị trí cho khách hàng khác.,Cont 40' HC - cao Khô,OUT,2,Nao sophorn,066742001,"HAI MA HOUR TRANSPORT CO., LTD",0078826306,,
64,SLD,YML,2026-10-02 07:16:02,,YMJAW490518811,EIR33976181-,Đã hủy,Chưa kích hoạt,,sai,Cont 40' HC - cao Khô,OUT,2,lê trương phong,0978053998,VẬN TẢI BỘ,,VUI LÒNG CẬP NHẬT ĐẦY ĐỦ HÌNH ẢNH BOOKING,
65,ETD,HLC,2026-10-02 05:04:30,,39277184,EIR33976124-,Đã hủy,Chưa kích hoạt,,Thay đổi kế hoạch nâng hạ.,Cont 40' HC - cao Khô,OUT,2,TRẦN TRỌNG TỈNH,0961434011,GẤU TRÚC VÀNG,,,
66,SLD,CMA,2026-10-02 06:25:00,2026-10-01 23:38:09,IBC1521947,EIR33976013-CMAU9284936,Đã hoàn tiền,Chưa kích hoạt,2026-10-02 00:51:25,Thay đổi kế hoạch nâng hạ.,Cont 40' HC - cao Khô,IN,2,HỒ VĂN SƠN,0941415158,MP LOGISTICS,0908707800,,
67,BSD,CMA,2026-10-02 07:03:05,2026-10-02 05:06:50,ASC0543411,EIR33976122-,Đã hoàn tiền,Chưa kích hoạt,2026-10-02 06:28:28,"Xe bị hư,cho nhà xe khác lấy hô",Cont 40' HC - cao Khô,OUT,2,LÊ TRÍ TÀI,0985448564,Công Ty TNHHTMDV -VT Yến khanh,0967058754,,
